언론사명,순위,기사제목,기사링크,수집일자
한겨레,1위,"인간용 냉장고, 벌써 200대 팔려…살려고 들어가면 5℃ 냉풍",https://n.news.naver.com/article/028/0002817417?ntype=RANKING,2026-08-07 15:09:55.312937+09:00
한겨레,2위,“‘규원쌤’이 소변 실수 속옷 빨아줬다”…‘SNL 김규원’ 미담 알려져,https://n.news.naver.com/article/028/0002817575?ntype=RANKING,2026-08-07 15:09:55.315374+09:00
한겨레,3위,육사는 여전히 ‘특권 계급’…사관학교 개혁이 필요한 이유,https://n.news.naver.com/article/028/0002817537?ntype=RANKING,2026-08-07 15:09:55.316586+09:00
한겨레,4위,‘심판 성접대’ 월드컵·올림픽 축구 무패…4강 신화도 의심받나,https://n.news.naver.com/article/028/0002817579?ntype=RANKING,2026-08-07 15:09:55.317547+09:00
한겨레,5위,“윤석열 영화비·밥값 내역 공개” 판결 대법서 뒤집혀…이미 대통령기록관 이관,https://n.news.naver.com/article/028/0002817555?ntype=RANKING,2026-08-07 15:09:55.318464+09:00
YTN,1위,"[속보] 국힘 윤리위, '돌려차기 실언' 서범수·진종오 징계절차 개시",https://n.news.naver.com/article/052/0002390191?ntype=RANKING,2026-08-07 15:09:55.319517+09:00
YTN,2위,"""외국인 심판에 성접대한 한국 축구""...주요 외신 집중 보도",https://n.news.naver.com/article/052/0002390192?ntype=RANKING,2026-08-07 15:09:55.320813+09:00
YTN,3위,"""이런 보험이 있어?""...40도 폭염이 깨운 '기후보험' [앵커리포트]",https://n.news.naver.com/article/052/0002390169?ntype=RANKING,2026-08-07 15:09:55.321822+09:00
YTN,4위,[날씨] '입추' 무색하게도 서울 금천구 38.4℃...주말 동쪽 호우,https://n.news.naver.com/article/052/0002390206?ntype=RANKING,2026-08-07 15:09:55.322776+09:00
YTN,5위,"여야, 부동산 '네 탓 공방'...'세금 역풍' 우려도",https://n.news.naver.com/article/052/0002390178?ntype=RANKING,2026-08-07 15:09:55.323628+09:00
KBS,1위,"갯바위에 낚시 장비만 덩그러니…밤새 찾은 실종자, 어디에?",https://n.news.naver.com/article/056/0012233413?ntype=RANKING,2026-08-07 15:09:55.324881+09:00
KBS,2위,‘서울 39도’ 입추 폭염 절정…내일부터 극한 더위 누그러져,https://n.news.naver.com/article/056/0012233483?ntype=RANKING,2026-08-07 15:09:55.325862+09:00
KBS,3위,‘해병 순직 책임’ 임성근 전 사단장 2심도 징역 3년,https://n.news.naver.com/article/056/0012233454?ntype=RANKING,2026-08-07 15:09:55.326741+09:00
KBS,4위,"“선관위, 전국 4곳서 6·3 지방선거 득표수 사후 수정”",https://n.news.naver.com/article/056/0012233446?ntype=RANKING,2026-08-07 15:09:55.327629+09:00
KBS,5위,‘부동산 대책’ 충돌 계속…“공급 입법 협조하라” “세금 폭탄”,https://n.news.naver.com/article/056/0012233456?ntype=RANKING,2026-08-07 15:09:55.328508+09:00
헤럴드경제,1위,"“나가주세요, 제가 살게요” 집주인 귀환에 ‘퇴거 공포’ [부동산360]",https://n.news.naver.com/article/016/0002680761?ntype=RANKING,2026-08-07 15:09:55.329503+09:00
헤럴드경제,2위,"[속보] 李대통령, 규제합리위 부위원장에 김태유·국립외교원장에 김흥규 임명",https://n.news.naver.com/article/016/0002680965?ntype=RANKING,2026-08-07 15:09:55.330369+09:00
헤럴드경제,3위,"“바지 벗고 앞뒤로 돌아야했다”…탈북 방송인 “기쁨조 검사, 수치스러웠다”",https://n.news.naver.com/article/016/0002680760?ntype=RANKING,2026-08-07 15:09:55.331351+09:00
헤럴드경제,4위,“귀걸이인 줄 알았다” 여성 귀에 달린 ‘이것’ 난리…삼성 ‘초유의 기기’ 드디어 나온다,https://n.news.naver.com/article/016/0002680635?ntype=RANKING,2026-08-07 15:09:55.332219+09:00
헤럴드경제,5위,"‘부동산 반격’ 나선 장동혁 “李, 밤마다 SNS로 부동산 지옥 만들어” [이런정치]",https://n.news.naver.com/article/016/0002680911?ntype=RANKING,2026-08-07 15:09:55.333094+09:00
JTBC,1위,"느닷없이 ""빵빵""대더니 ""죽여줄까?""…그대로 보행자 들이받아",https://n.news.naver.com/article/437/0000504960?ntype=RANKING,2026-08-07 15:09:55.334096+09:00
JTBC,2위,알프스 빙하 폭염에 '콸콸'…속절없이 사라진 관광 명소,https://n.news.naver.com/article/437/0000504943?ntype=RANKING,2026-08-07 15:09:55.335053+09:00
JTBC,3위,집 팔 바엔 자녀에게…서울 아파트 증여 다시 늘었다,https://n.news.naver.com/article/437/0000505034?ntype=RANKING,2026-08-07 15:09:55.335922+09:00
JTBC,4위,"""회사 매출 10% 달라""…'박나래 협박' 전 매니저들, 재판행 [소셜픽]",https://n.news.naver.com/article/437/0000504982?ntype=RANKING,2026-08-07 15:09:55.336785+09:00
JTBC,5위,"[단독] 심판 마사지라 노골적으로 기안 올리고 부회장 결재까지…문체부 ""협회차원에서 조직적 관리""",https://n.news.naver.com/article/437/0000505045?ntype=RANKING,2026-08-07 15:09:55.337649+09:00
채널A,1위,"이승기 측, 구속된 차가원에 “105억 전세금, 민사 아닌 형사 범죄…엄벌 원해” [자막뉴스]",https://n.news.naver.com/article/449/0000355927?ntype=RANKING,2026-08-07 15:09:55.338967+09:00
채널A,2위,"신동엽, 대학로 공연 폄훼 논란 사과 “경솔한 언행…고개 숙여 사과”",https://n.news.naver.com/article/449/0000355942?ntype=RANKING,2026-08-07 15:09:55.340042+09:00
채널A,3위,‘남아공 졸전’ 입 연 김민재 “선수들도 못 하기는 했다”,https://n.news.naver.com/article/449/0000355965?ntype=RANKING,2026-08-07 15:09:55.340966+09:00
채널A,4위,‘尹 특활비 공개’ 판결 뒤집혀…대법원 “이미 대통령기록관 이관”,https://n.news.naver.com/article/449/0000355922?ntype=RANKING,2026-08-07 15:09:55.341870+09:00
채널A,5위,"국민의힘 윤리위, ‘돌려차기 실언’ 서범수·진종오 징계절차 개시",https://n.news.naver.com/article/449/0000355947?ntype=RANKING,2026-08-07 15:09:55.342768+09:00
이데일리,1위,"""안전할 줄 알고 ETF 샀는데…월급, 휴가비 다 날렸다""",https://n.news.naver.com/article/018/0006346806?ntype=RANKING,2026-08-07 15:09:55.343798+09:00
이데일리,2위,"""서장훈, 28억에 산 '꼬마 빌딩' 450억 매물로...세금 약 140억""",https://n.news.naver.com/article/018/0006346800?ntype=RANKING,2026-08-07 15:09:55.344711+09:00
이데일리,3위,"SK하닉 4%↓, 삼전은 버티기…코스피 1.34%하락",https://n.news.naver.com/article/018/0006346820?ntype=RANKING,2026-08-07 15:09:55.345825+09:00
이데일리,4위,"이란, 호르무즈서 美·이스라엘 선박 아예 막는다",https://n.news.naver.com/article/018/0006346502?ntype=RANKING,2026-08-07 15:09:55.347410+09:00
이데일리,5위,“서울 사람처럼 살아보기” 뜬다,https://n.news.naver.com/article/018/0006346770?ntype=RANKING,2026-08-07 15:09:55.348399+09:00
연합뉴스TV,1위,고점 물린 홍진경·차 값 날린 김원훈…'금융 예능'이 뜬다,https://n.news.naver.com/article/422/0000893320?ntype=RANKING,2026-08-07 15:09:55.349588+09:00
연합뉴스TV,2위,응급실서 침 뱉고 폭언…주짓수로 난동범 제압한 호주 간호사,https://n.news.naver.com/article/422/0000893254?ntype=RANKING,2026-08-07 15:09:55.350516+09:00
연합뉴스TV,3위,중동 긴장 재고조에…코스피·코스닥 하락 전환,https://n.news.naver.com/article/422/0000893384?ntype=RANKING,2026-08-07 15:09:55.351399+09:00
연합뉴스TV,4위,신축 아파트 외벽 테라스가 '와르르'…준공 1년 반 만에 사고,https://n.news.naver.com/article/422/0000893424?ntype=RANKING,2026-08-07 15:09:55.352315+09:00
연합뉴스TV,5위,"""보잉 737 맥스 동체서 균열""…미 항공청, 471대 점검 지시",https://n.news.naver.com/article/422/0000893359?ntype=RANKING,2026-08-07 15:09:55.353182+09:00
한국경제TV,1위,"""원래 이럴 때 사는 겁니다""…영업이익 '43%' 급감했는데 '깜짝 전망'",https://n.news.naver.com/article/215/0001261535?ntype=RANKING,2026-08-07 15:09:55.354201+09:00
한국경제TV,2위,"+23% ""단기에 너무 올랐나""… 6거래일 만에 힘 빠진 코스닥",https://n.news.naver.com/article/215/0001261550?ntype=RANKING,2026-08-07 15:09:55.355272+09:00
한국경제TV,3위,결혼 숨기고 한부모지원금 '꿀꺽'…나랏돈 줄줄 샜다,https://n.news.naver.com/article/215/0001261523?ntype=RANKING,2026-08-07 15:09:55.356284+09:00
한국경제TV,4위,"""안 팔면 된다""...삼전닉스에 물린 홍진경 '분통'에 전문가 조언",https://n.news.naver.com/article/215/0001261492?ntype=RANKING,2026-08-07 15:09:55.357157+09:00
한국경제TV,5위,"""레버리지 현재 사상 최고""…'월가 황제'의 오싹한 경고",https://n.news.naver.com/article/215/0001261493?ntype=RANKING,2026-08-07 15:09:55.358162+09:00
국민일보,1위,국방부 “사관학교 통합 속도감 있게 추진”…李 대통령 의지 반영,https://n.news.naver.com/article/005/0001865540?ntype=RANKING,2026-08-07 15:09:55.359199+09:00
국민일보,2위,전세 사기 피해자 4만명 넘었다… ‘청년·2억 이하’가 대부분,https://n.news.naver.com/article/005/0001865530?ntype=RANKING,2026-08-07 15:09:55.360110+09:00
국민일보,3위,[단독] 노사모 마지막 대표 “노사모 이름 훼손말라”…정청래에 경고장,https://n.news.naver.com/article/005/0001865412?ntype=RANKING,2026-08-07 15:09:55.360988+09:00
국민일보,4위,‘대출 규제 완화’ 목소리 커지자… 구윤철 “청년 등 핀셋 지원 검토”,https://n.news.naver.com/article/005/0001865516?ntype=RANKING,2026-08-07 15:09:55.361956+09:00
국민일보,5위,대한축구협회 심판 성접대 파문…해당 경기서 한국 ‘무패’,https://n.news.naver.com/article/005/0001865544?ntype=RANKING,2026-08-07 15:09:55.362860+09:00
지디넷코리아,1위,"[포토] 드론으로 혹등고래 출산 장면 포착…""경이롭네""",https://n.news.naver.com/article/092/0002433308?ntype=RANKING,2026-08-07 15:09:55.363892+09:00
지디넷코리아,2위,"[AI는 지금] 챗GPT 무료 '무제한' 선언…오픈AI, 구독 전략 다시 짠다",https://n.news.naver.com/article/092/0002433296?ntype=RANKING,2026-08-07 15:09:55.364763+09:00
지디넷코리아,3위,더현대 점령한 '신비의 숲'…10분 매진 'TFT 와일드 팬페스트' 가보니,https://n.news.naver.com/article/092/0002433326?ntype=RANKING,2026-08-07 15:09:55.365617+09:00
지디넷코리아,4위,"최수연, '네이버-엔비디아' 혈맹 강조...""내년 관련 매출 발생""",https://n.news.naver.com/article/092/0002433293?ntype=RANKING,2026-08-07 15:09:55.366529+09:00
지디넷코리아,5위,"화웨이 신형 노트북, 갤S26 울트라 '프라이버시 디스플레이' 기능 품었다",https://n.news.naver.com/article/092/0002433232?ntype=RANKING,2026-08-07 15:09:55.367517+09:00
한겨레21,1위,내년 최저임금 1만700원 확정에… 소송 나선 소상공인들,https://n.news.naver.com/article/036/0000054005?ntype=RANKING,2026-08-07 15:09:55.368543+09:00
한겨레21,2위,"“노사모 팔아서 표나 달래쌓고, 영 못쓰겄어야”",https://n.news.naver.com/article/036/0000054004?ntype=RANKING,2026-08-07 15:09:55.369434+09:00
한겨레21,3위,"무적의 ‘테이크다운’, 아빠의 착취를 꺾어라",https://n.news.naver.com/article/036/0000053997?ntype=RANKING,2026-08-07 15:09:55.370320+09:00
한겨레21,4위,우아함은 노력해서 얻을 수 있을까,https://n.news.naver.com/article/036/0000054002?ntype=RANKING,2026-08-07 15:09:55.371172+09:00
한겨레21,5위,"장애인에 대한 편견과 혐오, 차별에 맞서다",https://n.news.naver.com/article/036/0000054001?ntype=RANKING,2026-08-07 15:09:55.372416+09:00
노컷뉴스,1위,[속보]'5·18 성역' 논란 이병태 후임에 서울대 김태유 교수,https://n.news.naver.com/article/079/0004176577?ntype=RANKING,2026-08-07 15:09:55.373623+09:00
노컷뉴스,2위,"평생 모은 50억 기부한 '김밥 할머니'…충남대, 34주기 추모식",https://n.news.naver.com/article/079/0004176537?ntype=RANKING,2026-08-07 15:09:55.374617+09:00
노컷뉴스,3위,"""이봉주 이름에 먹칠""…마라톤 특혜 접수, 러너들 분노 폭발[페이스메이커]",https://n.news.naver.com/article/079/0004176373?ntype=RANKING,2026-08-07 15:09:55.375511+09:00
노컷뉴스,4위,"후티, 사우디 본토 공격…중동 '제2전선' 현실화",https://n.news.naver.com/article/079/0004176408?ntype=RANKING,2026-08-07 15:09:55.376437+09:00
노컷뉴스,5위,"""콜라는 배달기사에""…폭염 속 미담 '훈훈'[뉴스럽다]",https://n.news.naver.com/article/079/0004176513?ntype=RANKING,2026-08-07 15:09:55.377432+09:00
매일경제,1위,“아버지 할아버지 증조부 언니까지 의사”…‘4대째 의사 집안’ 공개한 여배우,https://n.news.naver.com/article/009/0005717946?ntype=RANKING,2026-08-07 15:09:55.378458+09:00
매일경제,2위,한국 정부 향한 분노의 경고장...美 의원들 “뭔데 우리 기업을 검열하나”,https://n.news.naver.com/article/009/0005717958?ntype=RANKING,2026-08-07 15:09:55.379543+09:00
매일경제,3위,“200만원 카드 긁었는데 남편이 잘했다네요”...중국산 제친 삼성·LG의 ‘야심작’,https://n.news.naver.com/article/009/0005717947?ntype=RANKING,2026-08-07 15:09:55.380420+09:00
매일경제,4위,“나라에 도둑이 너무 많다더니”…부정수급 적발 1300억 ‘역대 최대’,https://n.news.naver.com/article/009/0005717923?ntype=RANKING,2026-08-07 15:09:55.381291+09:00
매일경제,5위,"“하루 1억씩 벌었다는 소문”…‘숭구리당당’ 김정렬, 강남 건물주 된 비결",https://n.news.naver.com/article/009/0005717996?ntype=RANKING,2026-08-07 15:09:55.382139+09:00
MBC,1위,'뒤로 가세요' 손짓하더니‥전화하다 '저기요' 급반전,https://n.news.naver.com/article/214/0001516535?ntype=RANKING,2026-08-07 15:09:55.383201+09:00
MBC,2위,"""트럼프 쪽에 30억 왜 줬나""‥韓기업 조사 착수 '술렁'",https://n.news.naver.com/article/214/0001516521?ntype=RANKING,2026-08-07 15:09:55.384098+09:00
MBC,3위,"축구협회, 15년 전 외국인 심판에 성접대‥월드컵·올림픽 예선 포함",https://n.news.naver.com/article/214/0001516539?ntype=RANKING,2026-08-07 15:09:55.384956+09:00
MBC,4위,'尹 특활비 공개' 판결 깨졌다‥2년 만에 뒤집은 대법,https://n.news.naver.com/article/214/0001516517?ntype=RANKING,2026-08-07 15:09:55.385813+09:00
MBC,5위,"권익위 ""부정하게 샌 나랏돈 1,300억 원 환수‥5백억 원 부가금""",https://n.news.naver.com/article/214/0001516519?ntype=RANKING,2026-08-07 15:09:55.386663+09:00
경향신문,1위,“폭염 지도 바뀌었다”…한국만큼 뜨거워진 ‘신흥 불지옥’ 국가들,https://n.news.naver.com/article/032/0003462897?ntype=RANKING,2026-08-07 15:09:55.387678+09:00
경향신문,2위,"[속보]국민의힘 윤리위, ‘돌려차기 실언’ 서범수·진종오 징계 개시",https://n.news.naver.com/article/032/0003462910?ntype=RANKING,2026-08-07 15:09:55.388534+09:00
경향신문,3위,[단독]노태악 배우자 여행 수행하느라 직원이 공식일정 불참…선관위 출장보고서엔 ‘참석’ 조작,https://n.news.naver.com/article/032/0003462901?ntype=RANKING,2026-08-07 15:09:55.389380+09:00
경향신문,4위,‘경기도 재정난’ 선언에 야당 “이재명 대통령 탓” 맹공···추미애 “문제 호도” 반박,https://n.news.naver.com/article/032/0003462907?ntype=RANKING,2026-08-07 15:09:55.390213+09:00
경향신문,5위,"[속보]종합특검, ‘계엄령 위반자 구금 공간 확보’ 신용해 전 교정본부장 기소",https://n.news.naver.com/article/032/0003462923?ntype=RANKING,2026-08-07 15:09:55.391163+09:00
서울신문,1위,"“눈까지 끌어올렸다”던 63세 윤영미, 확 달라진 외모…‘안면거상술’ 뭐길래",https://n.news.naver.com/article/081/0003668524?ntype=RANKING,2026-08-07 15:09:55.392245+09:00
서울신문,2위,"유명 英여배우, 기아차 타고 가다 큰 교통사고 “목숨 구해준 건 EV2 360도 에어백”",https://n.news.naver.com/article/081/0003668515?ntype=RANKING,2026-08-07 15:09:55.393146+09:00
서울신문,3위,"중앙선 넘은 카니발, 차량 4대 연속 충돌… 운전자 숨지고 5명 다쳐",https://n.news.naver.com/article/081/0003668516?ntype=RANKING,2026-08-07 15:09:55.394063+09:00
서울신문,4위,“왜 비쌀때 사라고 했나” 삼전닉스 물린 홍진경…또 -5% 급락 [내가샀다],https://n.news.naver.com/article/081/0003668508?ntype=RANKING,2026-08-07 15:09:55.394954+09:00
서울신문,5위,“에어컨 설치 중단” 수용자에 얼음물 지급…37도까지 치솟은 교도소 상황,https://n.news.naver.com/article/081/0003668474?ntype=RANKING,2026-08-07 15:09:55.395886+09:00
머니투데이,1위,"105억 전세금 못 받은 이승기...""이사 안 간다, 차가원 고소 계획""",https://n.news.naver.com/article/008/0005397006?ntype=RANKING,2026-08-07 15:09:55.396877+09:00
머니투데이,2위,"""외인 줍줍 후 바로 던져"" 6400선 찍고 주르륵...'장투'의 조건은",https://n.news.naver.com/article/008/0005397027?ntype=RANKING,2026-08-07 15:09:55.397746+09:00
머니투데이,3위,"폭염 속 울던 남성, 30년 전 실종자…경찰 설득 끝 '눈물의 가족 상봉'",https://n.news.naver.com/article/008/0005396970?ntype=RANKING,2026-08-07 15:09:55.398593+09:00
머니투데이,4위,"""일본서만 판다"" 8000원 웃돈 붙던 한국 라면…국내 풀리자 '완판'",https://n.news.naver.com/article/008/0005397019?ntype=RANKING,2026-08-07 15:09:55.399478+09:00
머니투데이,5위,"""홈플러스, 아직 살게 없어요"" 매대 여전히 '텅'...25일 만에 가오픈",https://n.news.naver.com/article/008/0005397028?ntype=RANKING,2026-08-07 15:09:55.400330+09:00
kbc광주방송,1위,"박지원 ""전대, 이 대통령 신임투표...손발 호흡, 김민석 압도적, 잘 알아서들 찍길""[여의도초대석]",https://n.news.naver.com/article/660/0000114713?ntype=RANKING,2026-08-07 15:09:55.401324+09:00
kbc광주방송,2위,"""李정부, 치솟는 집값은 못 잡고 국민만 잡아""...국힘,  정부 부동산 정책 맹공",https://n.news.naver.com/article/660/0000114716?ntype=RANKING,2026-08-07 15:09:55.402189+09:00
kbc광주방송,3위,"'尹 특활비·영화비 공개' 판결 대법서 뒤집혔다… ""기록관 이관돼 소 이익 없어""",https://n.news.naver.com/article/660/0000114694?ntype=RANKING,2026-08-07 15:09:55.403050+09:00
kbc광주방송,4위,"축구협회, 국가대표 경기 앞두고 외국인 심판 성접대 '파문'",https://n.news.naver.com/article/660/0000114669?ntype=RANKING,2026-08-07 15:09:55.403906+09:00
kbc광주방송,5위,'채해병 순직책임' 임성근 전 사단장 항소심도 징역 3년,https://n.news.naver.com/article/660/0000114711?ntype=RANKING,2026-08-07 15:09:55.404741+09:00
한국경제,1위,"서장훈, 경매로 28억에 산 양재역 빌딩 26년 만에…'초대박'",https://n.news.naver.com/article/015/0005318455?ntype=RANKING,2026-08-07 15:09:55.405745+09:00
한국경제,2위,어쩐지 요즘 많이 보이더라…나오자마자 '1위' 질주한 車,https://n.news.naver.com/article/015/0005318307?ntype=RANKING,2026-08-07 15:09:55.406584+09:00
한국경제,3위,"삼전닉스에 물린 홍진경 ""왜 비쌀 때 사라고 했냐"" 분통",https://n.news.naver.com/article/015/0005318315?ntype=RANKING,2026-08-07 15:09:55.407459+09:00
한국경제,4위,'한 번만 더' 스와이프했더니…남편 폰 속 '19억' 본 아내 결국,https://n.news.naver.com/article/015/0005318417?ntype=RANKING,2026-08-07 15:09:55.408370+09:00
한국경제,5위,삼전닉스 앞세우더니 일본 제쳤다…'사상 초유' 대역전극 [도쿄나우],https://n.news.naver.com/article/015/0005318447?ntype=RANKING,2026-08-07 15:09:55.409227+09:00
서울경제,1위,이틀 연속 SK하이닉스 던졌다…삼성전기·오이솔루션은 매수 [주식 초고수는 지금],https://n.news.naver.com/article/011/0004649527?ntype=RANKING,2026-08-07 15:09:55.410237+09:00
서울경제,2위,“전기차요? 안 사요” 이런 사람 많았는데 엄청난 ‘반전’…보조금 동날 정도라는데,https://n.news.naver.com/article/011/0004649545?ntype=RANKING,2026-08-07 15:09:55.411124+09:00
서울경제,3위,"“45일 만에 20kg 뺐다” 기쁨도 잠시…응급실 실려간 30대 中 남성, 무슨 일? [헬시타임]",https://n.news.naver.com/article/011/0004649377?ntype=RANKING,2026-08-07 15:09:55.411978+09:00
서울경제,4위,서학개미들 속속 유턴하는데…버핏 “지금 美 증시는 투자도 투기도 아닌 도박판”,https://n.news.naver.com/article/011/0004649509?ntype=RANKING,2026-08-07 15:09:55.412826+09:00
서울경제,5위,“삼전 버티는데 하이닉스는…” 코스피 6200 사수 안간힘 속 코스닥도 꺾여 [이런국장 저런주식],https://n.news.naver.com/article/011/0004649557?ntype=RANKING,2026-08-07 15:09:55.413678+09:00
한국일보,1위,대리운전 부업 중 이용객 성폭행 혐의 농식품부 산하기관 직원 구속 송치,https://n.news.naver.com/article/469/0000946749?ntype=RANKING,2026-08-07 15:09:55.414662+09:00
한국일보,2위,"신동엽 발언에 뮤지컬 팬들 뿔났다… 결국 사과 ""경솔했다""",https://n.news.naver.com/article/469/0000946711?ntype=RANKING,2026-08-07 15:09:55.415529+09:00
한국일보,3위,강북 20평대도 월세 300만 원…세제개편에 전월세난 더 거세지나,https://n.news.naver.com/article/469/0000946759?ntype=RANKING,2026-08-07 15:09:55.416375+09:00
한국일보,4위,"'결별' 아이유, 근황 전하며 전 남친 장기하 노래 선곡... ""열심히 살고 있음""",https://n.news.naver.com/article/469/0000946760?ntype=RANKING,2026-08-07 15:09:55.417212+09:00
한국일보,5위,"국민의힘 윤리위, '돌려차기 발언' 서범수·진종오 징계절차 개시",https://n.news.naver.com/article/469/0000946767?ntype=RANKING,2026-08-07 15:09:55.418070+09:00
중앙일보,1위,결별 아이유 “오랜만이야”…전 남친 장기하 ‘이 노래’ 띄웠다,https://n.news.naver.com/article/025/0003542912?ntype=RANKING,2026-08-07 15:09:55.419104+09:00
중앙일보,2위,"韓축구, 심판 성접대 후 7경기 무패…‘국제 망신’ 외신도 때렸다",https://n.news.naver.com/article/025/0003542943?ntype=RANKING,2026-08-07 15:09:55.419978+09:00
중앙일보,3위,결혼자금 5500만원 주식으로 날렸다…“파혼 고민” 예비신부 눈물,https://n.news.naver.com/article/025/0003542916?ntype=RANKING,2026-08-07 15:09:55.420857+09:00
중앙일보,4위,“지옥문 열렸다” 49도 폭염에 정전…독재자 몰아낸 이곳 또 발칵,https://n.news.naver.com/article/025/0003542742?ntype=RANKING,2026-08-07 15:09:55.421719+09:00
중앙일보,5위,"‘뉴이재명’ 외치던 與비주류 돌변…“레드팀 자처, 그들의 생존법”",https://n.news.naver.com/article/025/0003542938?ntype=RANKING,2026-08-07 15:09:55.422591+09:00
프레시안,1위,"[속보] '상승 출발' 코스피, 외국인 매도세에 하락 전환",https://n.news.naver.com/article/002/0002451368?ntype=RANKING,2026-08-07 15:09:55.423597+09:00
프레시안,2위,"김민석, 정청래 겨냥 ""나는 국힘 지지층 지지로 여론조사 1등 안 해""",https://n.news.naver.com/article/002/0002451296?ntype=RANKING,2026-08-07 15:09:55.424552+09:00
프레시안,3위,"與전당대회 '역선택' 논란…송영길 측 ""국힘 지지자들 정청래 대표 원해""",https://n.news.naver.com/article/002/0002451360?ntype=RANKING,2026-08-07 15:09:55.425495+09:00
프레시안,4위,"추미애 '경기도 재정 비상' 선언에…국힘 ""주범은 전직 도지사 이재명""",https://n.news.naver.com/article/002/0002451312?ntype=RANKING,2026-08-07 15:09:55.426400+09:00
프레시안,5위,"홈플러스 임시영업 재개…마트노조 ""시민들 '장보기'로 10만 일자리 지키자""",https://n.news.naver.com/article/002/0002451353?ntype=RANKING,2026-08-07 15:09:55.427313+09:00
아시아경제,1위,"""SK에 이런 효자가 있었네""…하이닉스만 보다가 놓친 2분기 깜짝 실적 1위",https://n.news.naver.com/article/277/0005800178?ntype=RANKING,2026-08-07 15:09:55.428316+09:00
아시아경제,2위,"""경력 다 떼고 신입 지원하라네요""…SK하이닉스 이직길 막힌 삼성맨들 '부글부글'",https://n.news.naver.com/article/277/0005800217?ntype=RANKING,2026-08-07 15:09:55.429166+09:00
아시아경제,3위,"""냉면 나오면 꼭 챙겨 먹었는데""…'배탈' 환자 28% 급증, 이유 뭐길래",https://n.news.naver.com/article/277/0005800195?ntype=RANKING,2026-08-07 15:09:55.430420+09:00
아시아경제,4위,"""한국이면 누가 처벌받을지 아찔""…응급실 난동 취객, 간호사가 30초 만에 제압",https://n.news.naver.com/article/277/0005800246?ntype=RANKING,2026-08-07 15:09:55.431351+09:00
아시아경제,5위,"""한국 오면 무조건 쓸어담는다""…3000원짜리 뭐길래, 외국인 꼭 쟁여 간다는 가방",https://n.news.naver.com/article/277/0005800256?ntype=RANKING,2026-08-07 15:09:55.432294+09:00
세계일보,1위,“밥 먹고 바로 앉지 마세요”…25분 뒤 ‘딱 3분’ 계단 탔더니 혈당 ‘18.4㎎/dL’ 덜 올랐다,https://n.news.naver.com/article/022/0004149078?ntype=RANKING,2026-08-07 15:09:55.433330+09:00
세계일보,2위,“또 4.6% 폭락했는데 지금 사라고?”…월가는 “코스피 1만2000 간다” [숫자 뒤의 진실],https://n.news.naver.com/article/022/0004149077?ntype=RANKING,2026-08-07 15:09:55.434219+09:00
세계일보,3위,[속보] 李 대통령 “국가 폭력 피해자들에게 위로… 국가 책임에 유효기간 없다”,https://n.news.naver.com/article/022/0004149199?ntype=RANKING,2026-08-07 15:09:55.435087+09:00
세계일보,4위,입추에도 39도 ‘극한 폭염’… 주말부터 고기압 물러나며 다소 완화 [날씨],https://n.news.naver.com/article/022/0004149165?ntype=RANKING,2026-08-07 15:09:55.435964+09:00
세계일보,5위,'성 접대 받은 심판 맡은 7경기 무패'… 대한축구협회 '매수 추문' 일파만파,https://n.news.naver.com/article/022/0004149176?ntype=RANKING,2026-08-07 15:09:55.436821+09:00
시사저널,1위,"""내 아들은 흙탕물서 못 돌아왔는데""…채 상병 모친, 임성근 '징역 3년'에 울분",https://n.news.naver.com/article/586/0000135459?ntype=RANKING,2026-08-07 15:09:55.437848+09:00
시사저널,2위,"前참모총장 46명 반대에도…국방부 ""국군사관학교 신속 추진""",https://n.news.naver.com/article/586/0000135455?ntype=RANKING,2026-08-07 15:09:55.438735+09:00
시사저널,3위,"'쿠팡' 아래 쌓인 화약고…흔들리는 한미 신뢰, 통상·안보 전방위 위기",https://n.news.naver.com/article/586/0000135458?ntype=RANKING,2026-08-07 15:09:55.439576+09:00
시사저널,4위,무더위에 지쳐 울고 있던 노숙인…폭염이 '30년 실종' 형제 상봉시켰다,https://n.news.naver.com/article/586/0000135453?ntype=RANKING,2026-08-07 15:09:55.440444+09:00
시사저널,5위,[단독] 역대급 폭염인데 여름 다 끝나고 장병 에어컨 산 軍 [결산대해부⑨],https://n.news.naver.com/article/586/0000135462?ntype=RANKING,2026-08-07 15:09:55.441341+09:00
연합뉴스,1위,얼마나 심하게 때렸길래…길거리서 지인폭행 50대 살인미수 혐의,https://n.news.naver.com/article/001/0016238997?ntype=RANKING,2026-08-07 15:09:55.442335+09:00
연합뉴스,2위,성접대 경기서 한국 '무패'…한일월드컵 심판매수설 재점화될 듯,https://n.news.naver.com/article/001/0016239021?ntype=RANKING,2026-08-07 15:09:55.443209+09:00
연합뉴스,3위,[르포] 갓 구운 빵·신선 과일…임시휴업 종료에 기대감 가득 홈플러스,https://n.news.naver.com/article/001/0016239046?ntype=RANKING,2026-08-07 15:09:55.444084+09:00
연합뉴스,4위,"국힘 윤리위, '돌려차기 발언' 서범수·진종오 징계절차 개시",https://n.news.naver.com/article/001/0016239207?ntype=RANKING,2026-08-07 15:09:55.445000+09:00
연합뉴스,5위,'극한폭염' 막바지 기승…경기 하남·전남 광양 40도 넘어,https://n.news.naver.com/article/001/0016239351?ntype=RANKING,2026-08-07 15:09:55.445855+09:00
매일신문,1위,"한국 축구, 심판 성접대 경기서 '무패'…당시 올림픽 감독은 홍명보",https://n.news.naver.com/article/088/0001022620?ntype=RANKING,2026-08-07 15:09:55.446853+09:00
매일신문,2위,"""골프채로 YG 신사옥 출입문 '쾅쾅'…20대 여성 현행범 체포""[영상]",https://n.news.naver.com/article/088/0001022608?ntype=RANKING,2026-08-07 15:09:55.447735+09:00
매일신문,3위,"나경원 ""장기보유 1주택자 세금폭탄 막겠다""…소득세법 개정안 발의",https://n.news.naver.com/article/088/0001022624?ntype=RANKING,2026-08-07 15:09:55.448591+09:00
매일신문,4위,"[단독] 김영수 ""국방부  청문준비단, 안규백 탈영 알고있었다""",https://n.news.naver.com/article/088/0001022565?ntype=RANKING,2026-08-07 15:09:55.449461+09:00
매일신문,5위,"李대통령, 국립외교원장에 김흥규 아주대 교수 임명",https://n.news.naver.com/article/088/0001022627?ntype=RANKING,2026-08-07 15:09:55.450315+09:00
MBN,1위,주심 10여 명 성접대 후 한국 '무패 행진',https://n.news.naver.com/article/057/0001962525?ntype=RANKING,2026-08-07 15:09:55.451346+09:00
MBN,2위,"""이러다 서울 다 뺏길라"" 민주 서울 의원 '부동산 대응 고심'",https://n.news.naver.com/article/057/0001962404?ntype=RANKING,2026-08-07 15:09:55.452230+09:00
MBN,3위,"홈플러스, 67개점 문은 열었지만…곳곳 ""입고 준비중""",https://n.news.naver.com/article/057/0001962532?ntype=RANKING,2026-08-07 15:09:55.453093+09:00
MBN,4위,"[속보] 국힘 윤리위, '돌려차기 발언' 서범수·진종오 징계절차 개시",https://n.news.naver.com/article/057/0001962527?ntype=RANKING,2026-08-07 15:09:55.453955+09:00
MBN,5위,"""재혼 숨기고 한부모 지원금 타기도""…부정수급 1천300억 '역대 최대'",https://n.news.naver.com/article/057/0001962529?ntype=RANKING,2026-08-07 15:09:55.454805+09:00
동아일보,1위,“폭염속 남자가 길에 앉아 울고있어요”…30년전 실종자였다,https://n.news.naver.com/article/020/0003739294?ntype=RANKING,2026-08-07 15:09:55.455824+09:00
동아일보,2위,"홍진경 “삼전닉스, 왜 비쌀때 사라했나” 추천 전문가에 분노",https://n.news.naver.com/article/020/0003739263?ntype=RANKING,2026-08-07 15:09:55.456807+09:00
동아일보,3위,‘월가 황제’ 다이먼 경고 “레버리지 사상최고…누군가 시장 흔들 위험”,https://n.news.naver.com/article/020/0003739301?ntype=RANKING,2026-08-07 15:09:55.457824+09:00
동아일보,4위,"“실수한 속옷도 빨아줘”…근육병 학생 돌본 공익, 김규원이었다",https://n.news.naver.com/article/020/0003739275?ntype=RANKING,2026-08-07 15:09:55.458701+09:00
동아일보,5위,"구윤철 “전체 99%, 30억이하 실거주 1주택 보유-양도세 줄어”",https://n.news.naver.com/article/020/0003739305?ntype=RANKING,2026-08-07 15:09:55.459558+09:00
조선비즈,1위,"서장훈, 28억에 산 양재역 빌딩 450억에 내놨다",https://n.news.naver.com/article/366/0001184884?ntype=RANKING,2026-08-07 15:09:55.460565+09:00
조선비즈,2위,“직접 농사 안 지으면 내년까지 팔아라”… 양도세 중과에 떨고 있는 6070,https://n.news.naver.com/article/366/0001184803?ntype=RANKING,2026-08-07 15:09:55.461447+09:00
조선비즈,3위,[세종인사이드 아웃] “상속세 때문에 집 팔아서 되겠냐” 李 약속한 ‘공제 확대’ 도입 불발,https://n.news.naver.com/article/366/0001184920?ntype=RANKING,2026-08-07 15:09:55.462297+09:00
조선비즈,4위,“파혼할까요?…결혼자금 5500만원 주식으로 날린 예비신부,https://n.news.naver.com/article/366/0001184924?ntype=RANKING,2026-08-07 15:09:55.463137+09:00
조선비즈,5위,오세훈 “민주당 정비사업 해제로 서울 공급 기반 무너져…책임부터 인정해야”,https://n.news.naver.com/article/366/0001184921?ntype=RANKING,2026-08-07 15:09:55.463994+09:00
강원도민일보,1위,"[속보] 이 대통령, 진급 장성에 삼정검 수치 수여… ""군 신뢰 회복 힘써달라""",https://n.news.naver.com/article/654/0000194177?ntype=RANKING,2026-08-07 15:09:55.465024+09:00
강원도민일보,2위,"[속보] 국힘 윤리위, '돌려차기 발언' 서범수·진종오 징계절차 개시",https://n.news.naver.com/article/654/0000194176?ntype=RANKING,2026-08-07 15:09:55.465911+09:00
강원도민일보,3위,골프채로 YG 사옥 출입문 두드리고 난동부린 20대 여성 체포,https://n.news.naver.com/article/654/0000194170?ntype=RANKING,2026-08-07 15:09:55.467314+09:00
강원도민일보,4위,"홈플러스 67개 점포 영업 재개…""매대 채우기까지 갈 길 멀다""",https://n.news.naver.com/article/654/0000194171?ntype=RANKING,2026-08-07 15:09:55.468382+09:00
강원도민일보,5위,"대한축구협회, 외국인 심판 성 접대 의혹…월드컵·올림픽 예선 포함",https://n.news.naver.com/article/654/0000194160?ntype=RANKING,2026-08-07 15:09:55.469368+09:00
비즈워치,1위,성과급이 갈라놓은 삼성…'노노갈등' 내년 교섭 판 흔들까,https://n.news.naver.com/article/648/0000049610?ntype=RANKING,2026-08-07 15:09:55.470495+09:00
비즈워치,2위,폭염 뚫고 '청약자 모십니다'…전국 3.9만가구,https://n.news.naver.com/article/648/0000049609?ntype=RANKING,2026-08-07 15:09:55.471473+09:00
비즈워치,3위,"네이버, 역대급 매출에도 이익은 제자리…""투자 확대 영향""",https://n.news.naver.com/article/648/0000049614?ntype=RANKING,2026-08-07 15:09:55.472452+09:00
비즈워치,4위,다시 문 연 홈플러스…'텅 빈 매대 채워질까',https://n.news.naver.com/article/648/0000049623?ntype=RANKING,2026-08-07 15:09:55.473475+09:00
비즈워치,5위,"""GPU 7656장 가동""…'팩토리X'에 담긴 NHN의 승부수",https://n.news.naver.com/article/648/0000049612?ntype=RANKING,2026-08-07 15:09:55.474434+09:00
부산일보,1위,"국힘 윤리위, '돌려차기 실언' 서범수·진종오 징계 개시…내부 갈등도 계속",https://n.news.naver.com/article/082/0001392990?ntype=RANKING,2026-08-07 15:09:55.475548+09:00
부산일보,2위,부산서 공인중개사 명의 빌려 대표 행세… 수억 원 챙긴 60대 등 3명 송치,https://n.news.naver.com/article/082/0001392975?ntype=RANKING,2026-08-07 15:09:55.476500+09:00
부산일보,3위,[속보] '채상병 순직책임' 임성근 2심도 징역 3년,https://n.news.naver.com/article/082/0001392980?ntype=RANKING,2026-08-07 15:09:55.477441+09:00
부산일보,4위,"""미7공군 박살내자"" 미군기지 침입한 대진연 소속 3명 구속",https://n.news.naver.com/article/082/0001392965?ntype=RANKING,2026-08-07 15:09:55.478402+09:00
부산일보,5위,"폭염특보 발령된 부산, 낮 최고기온 35도까지",https://n.news.naver.com/article/082/0001392968?ntype=RANKING,2026-08-07 15:09:55.479356+09:00
문화일보,1위,“11살 때 기쁨조 후보였다. 모르는 남자들이…” 탈북女의 주장,https://n.news.naver.com/article/021/0002809818?ntype=RANKING,2026-08-07 15:09:55.480473+09:00
문화일보,2위,단타로 8000만원 날린 예비신부 “파혼해야겠죠…”,https://n.news.naver.com/article/021/0002809743?ntype=RANKING,2026-08-07 15:09:55.481415+09:00
문화일보,3위,"“하루종일 단타만 했다”…이준석, 李대통령 과거 발언 언급하며 ISA 개편 비판",https://n.news.naver.com/article/021/0002809849?ntype=RANKING,2026-08-07 15:09:55.482381+09:00
문화일보,4위,진중권 “세금 뜯어가면 결국 세입자 부담 전가”,https://n.news.naver.com/article/021/0002809962?ntype=RANKING,2026-08-07 15:09:55.483334+09:00
문화일보,5위,"정동영 “北, ‘조선’으로 부르는 것, 공론화 뒤에”…속도조절 시사",https://n.news.naver.com/article/021/0002809963?ntype=RANKING,2026-08-07 15:09:55.484288+09:00
파이낸셜뉴스,1위,"""시세차익만 420억""... 서장훈, 28억에 산 서초 건물 26년 만에 450억에 내놨다",https://n.news.naver.com/article/014/0005558624?ntype=RANKING,2026-08-07 15:09:55.485384+09:00
파이낸셜뉴스,2위,"""죽은 줄 알았던 배터리株""…왜 오르나 했더니 '전기차'가 아니었다",https://n.news.naver.com/article/014/0005558502?ntype=RANKING,2026-08-07 15:09:55.486347+09:00
파이낸셜뉴스,3위,'외국인 ATM' 된 K증시…레버리지 거래 줄어도 '삼전닉스'는 롤러코스터 [증시는 왜],https://n.news.naver.com/article/014/0005558603?ntype=RANKING,2026-08-07 15:09:55.487315+09:00
파이낸셜뉴스,4위,주식 단타로 결혼자금 5500만원 잃은 예비신부…몰래 받은 대출 3000만원도 날려,https://n.news.naver.com/article/014/0005558411?ntype=RANKING,2026-08-07 15:09:55.488273+09:00
파이낸셜뉴스,5위,"""폭염에 사람이 울고 있다"" 출동한 경찰, 30년 전 실종된 50대 가족 찾아줘 [고마워요, 공복]",https://n.news.naver.com/article/014/0005558625?ntype=RANKING,2026-08-07 15:09:55.489240+09:00
강원일보,1위,"[속보] 이재명 대통령, 진급 장성에 “군(軍) 신뢰 회복에 책임감 있게 헌신해달라”",https://n.news.naver.com/article/087/0001210031?ntype=RANKING,2026-08-07 15:09:55.490428+09:00
강원일보,2위,[속보]“친구들이 너무 괴롭혀” 초등생 투신 시도했는데 기록도 심의도 없었다…제주 학폭 대응 논란,https://n.news.naver.com/article/087/0001210029?ntype=RANKING,2026-08-07 15:09:55.491388+09:00
강원일보,3위,[속보] 골프채로 YG 신사옥 출입문 ‘쾅쾅’…20대 여성 현행범 체포,https://n.news.naver.com/article/087/0001210025?ntype=RANKING,2026-08-07 15:09:55.492347+09:00
강원일보,4위,펄펄 끓는 ‘극한 폭염’ 13호 태풍 돌핀이 잠재울지 예상 경로 주목,https://n.news.naver.com/article/087/0001209756?ntype=RANKING,2026-08-07 15:09:55.493307+09:00
강원일보,5위,“회사 자금 전 남자친구에 썼다는 폭로 막으려면 매출 10% 달라”⋯박나래 협박한 전 매니저 2명 재판행,https://n.news.naver.com/article/087/0001210009?ntype=RANKING,2026-08-07 15:09:55.494247+09:00
조선일보,1위,"‘尹 특활비 공개’ 판결 뒤집혔다…대법 “문제의 정보, 대통령기록관 이관”",https://n.news.naver.com/article/023/0003991806?ntype=RANKING,2026-08-07 15:09:55.495361+09:00
조선일보,2위,"향어 쫓아 ‘풍덩’, 황토 뒤집어쓰고 ‘뒹굴’…서울대공원 동물의 폭염 나기",https://n.news.naver.com/article/023/0003991816?ntype=RANKING,2026-08-07 15:09:55.496342+09:00
조선일보,3위,오세훈 “서울 공급 씨말려놓고... 與 적반하장”,https://n.news.naver.com/article/023/0003991817?ntype=RANKING,2026-08-07 15:09:55.497373+09:00
조선일보,4위,"경찰, 불에 달군 공구로 아내 고문한 남편 검거",https://n.news.naver.com/article/023/0003991814?ntype=RANKING,2026-08-07 15:09:55.498335+09:00
조선일보,5위,집주인 전화가 두려운 세입자들,https://n.news.naver.com/article/023/0003991781?ntype=RANKING,2026-08-07 15:09:55.499295+09:00
SBS,1위,"""문란한 동네"" 시달려 울었는데…피서객 급증",https://n.news.naver.com/article/055/0001378778?ntype=RANKING,2026-08-07 15:09:55.500380+09:00
SBS,2위,"""마지노선 깨졌다""…인구 62만 명 무너진 전주 '비상'",https://n.news.naver.com/article/055/0001378848?ntype=RANKING,2026-08-07 15:09:55.501365+09:00
SBS,3위,"아파트에서 대마, 양귀비로 담금주…마약사범 249명 검거",https://n.news.naver.com/article/055/0001378890?ntype=RANKING,2026-08-07 15:09:55.502328+09:00
SBS,4위,결혼식 한 달 전 온 문자에 날벼락…예비부부들 '분통',https://n.news.naver.com/article/055/0001378770?ntype=RANKING,2026-08-07 15:09:55.503330+09:00
SBS,5위,"""절대 접근하지 말라"" 강화 바다에 '둥둥' 떠다녀…'비상'",https://n.news.naver.com/article/055/0001378885?ntype=RANKING,2026-08-07 15:09:55.504323+09:00
디지털타임스,1위,"[속보] 대전 빌라 3층서 창호 교체하던 50대, 6m 아래로 추락…병원서 사망",https://n.news.naver.com/article/029/0003041178?ntype=RANKING,2026-08-07 15:09:55.505430+09:00
디지털타임스,2위,반포도 8억 ‘뚝’… 급매 나와도 살 사람 없어 [안다솜의 家봄],https://n.news.naver.com/article/029/0003041165?ntype=RANKING,2026-08-07 15:09:55.506397+09:00
디지털타임스,3위,"민주 “주택 ‘공급절벽’, 오세훈이 설계자”…‘세제개편안 비판’에 역공",https://n.news.naver.com/article/029/0003041202?ntype=RANKING,2026-08-07 15:09:55.507387+09:00
디지털타임스,4위,폭염에 최대 30만원…‘경기도민’ 1440만명은 자동 가입된 ‘이것’,https://n.news.naver.com/article/029/0003041204?ntype=RANKING,2026-08-07 15:09:55.508345+09:00
디지털타임스,5위,"홈플러스, 67개점 영업 재개했지만 ‘텅 빈’ 매대…“13일 정식 개장”",https://n.news.naver.com/article/029/0003041201?ntype=RANKING,2026-08-07 15:09:55.509306+09:00
대구MBC,1위,"'채 상병 순직 책임' 임성근 전 해병대 1사단장, 2심에서도 '징역 3년' 선고",https://n.news.naver.com/article/657/0000054152?ntype=RANKING,2026-08-07 15:09:55.510424+09:00
대구MBC,2위,"대구에서 '경찰관 뺑소니' 수사 정보 유출···대구 경찰 ""엄정 수사 중""",https://n.news.naver.com/article/657/0000054159?ntype=RANKING,2026-08-07 15:09:55.511383+09:00
대구MBC,3위,"경북 청도군 각남면, 공용 관정 총동원···농업용수 확보에 비상",https://n.news.naver.com/article/657/0000054157?ntype=RANKING,2026-08-07 15:09:55.512343+09:00
대구MBC,4위,"""이란 의회, 미국 등 선박 통항 금지 법안 검토""···트럼프 ""이란과의 전쟁 곧 끝나""",https://n.news.naver.com/article/657/0000054143?ntype=RANKING,2026-08-07 15:09:55.513277+09:00
대구MBC,5위,"대구 제2 빙상장, 빙상 실력 향상 기대 속 피서지로도 인기",https://n.news.naver.com/article/657/0000054136?ntype=RANKING,2026-08-07 15:09:55.514251+09:00
뉴스1,1위,"""단둘만 있는 밀폐된 공간과 술…황정민 폭로녀는 두가지에 집착했다""",https://n.news.naver.com/article/421/0009101677?ntype=RANKING,2026-08-07 15:09:55.515344+09:00
뉴스1,2위,에어컨 하루 종일 틀면 전기료 29만 원…450kWh 넘으면 '요금 폭탄',https://n.news.naver.com/article/421/0009101715?ntype=RANKING,2026-08-07 15:09:55.516287+09:00
뉴스1,3위,"서장훈, 28억에 산 강남 건물 450억 내놨다…세후 차익 280억 '잭팟'",https://n.news.naver.com/article/421/0009102272?ntype=RANKING,2026-08-07 15:09:55.517276+09:00
뉴스1,4위,"역대 가장 뜨거운 입추에도 '정장'에 '근무복'…""반바지? 꿈도 못 꿔요""",https://n.news.naver.com/article/421/0009102345?ntype=RANKING,2026-08-07 15:09:55.518209+09:00
뉴스1,5위,13호 태풍 '돌핀' 日오키나와·가고시마현 접근…26만명 대피령,https://n.news.naver.com/article/421/0009102492?ntype=RANKING,2026-08-07 15:09:55.519154+09:00
아이뉴스24,1위,"워런 버핏, 美 증시 과열 경고⋯""투자도, 투기도 아닌 그냥 도박판""",https://n.news.naver.com/article/031/0001047934?ntype=RANKING,2026-08-07 15:09:55.520246+09:00
아이뉴스24,2위,[르포] 홈플러스 '트레이더 조' 변신 첫날…입고율 30%에 진열대 '텅',https://n.news.naver.com/article/031/0001048019?ntype=RANKING,2026-08-07 15:09:55.521291+09:00
아이뉴스24,3위,"""택배 놈들이 왜 엘리베이터 써""⋯지팡이로 기사 명치·급소 폭행한 노인",https://n.news.naver.com/article/031/0001048051?ntype=RANKING,2026-08-07 15:09:55.522342+09:00
아이뉴스24,4위,"SK하이닉스 HBF에 힘 실은 구글…""AI, 더 큰 메모리 필요""",https://n.news.naver.com/article/031/0001048004?ntype=RANKING,2026-08-07 15:09:55.523391+09:00
아이뉴스24,5위,"'보완수사권 폐지' 민주당, 이번엔 '사법부 정조준' [여의뷰]",https://n.news.naver.com/article/031/0001047921?ntype=RANKING,2026-08-07 15:09:55.524427+09:00
더스쿠프,1위,경쟁력 있는 PB로 승부? 홈플러스 '트레이더조' 전략 통할까 [질문의 기술],https://n.news.naver.com/article/665/0000007896?ntype=RANKING,2026-08-07 15:09:55.525614+09:00
더스쿠프,2위,부모님에게만 연 1천만원…'자식된 도리'에 잃어버린 인영씨의 꿈 [재테크 Lab],https://n.news.naver.com/article/665/0000007895?ntype=RANKING,2026-08-07 15:09:55.526711+09:00
더스쿠프,3위,"인간통제 뚫은 AI…""지능 폭발 전에 멈춰야합니다""",https://n.news.naver.com/article/665/0000007898?ntype=RANKING,2026-08-07 15:09:55.527757+09:00
더스쿠프,4위,미국·일본 개입해서 '환율' 떨어졌다고요? [경알못 스터디카페],https://n.news.naver.com/article/665/0000007897?ntype=RANKING,2026-08-07 15:09:55.528878+09:00
더스쿠프,5위,'코리아 디스카운트' 가해자는 누구인가? 최대주주 최고세율 인하론의 역설,https://n.news.naver.com/article/665/0000007887?ntype=RANKING,2026-08-07 15:09:55.529968+09:00
전자신문,1위,진정한 우정?…친구 구하려다 둘 다 의자 틈에 목이 낀 순간,https://n.news.naver.com/article/030/0003455051?ntype=RANKING,2026-08-07 15:09:55.531460+09:00
전자신문,2위,"경기 중 '날벼락'… 태국 축구선수, 낙뢰로 사망",https://n.news.naver.com/article/030/0003455165?ntype=RANKING,2026-08-07 15:09:55.532911+09:00
전자신문,3위,"국힘, '육사 쿠데타' 발언 규탄 결의안…한동훈·천하람 공동발의",https://n.news.naver.com/article/030/0003455223?ntype=RANKING,2026-08-07 15:09:55.533887+09:00
전자신문,4위,“귀찮은 스팸 전화 OUT”…11일부터 텔레마케팅 금지한다는 이 나라,https://n.news.naver.com/article/030/0003455124?ntype=RANKING,2026-08-07 15:09:55.534848+09:00
전자신문,5위,"우간다 유명 축구선수, 집 앞서 둔기 습격 사망… '치안 불안' 분노 확산",https://n.news.naver.com/article/030/0003455221?ntype=RANKING,2026-08-07 15:09:55.535793+09:00
SBS Biz,1위,집주인 전화 두려운 세입자…세제개편에 퇴거 공포,https://n.news.naver.com/article/374/0000526202?ntype=RANKING,2026-08-07 15:09:55.536946+09:00
SBS Biz,2위,홈플러스 문연다…영업 정상화 준비 '분주',https://n.news.naver.com/article/374/0000526209?ntype=RANKING,2026-08-07 15:09:55.537901+09:00
SBS Biz,3위,농협·신한·국민은행 디에이치방배 잔금대출 '감정가 50%' 검토,https://n.news.naver.com/article/374/0000526200?ntype=RANKING,2026-08-07 15:09:55.538883+09:00
SBS Biz,4위,인뱅은 이제 어디 맡겨도 예금 연 이자 최소 3.6% 준다,https://n.news.naver.com/article/374/0000526199?ntype=RANKING,2026-08-07 15:09:55.539909+09:00
SBS Biz,5위,국고채 담합 과징금 '최대 15조'…은행·증권사 초비상,https://n.news.naver.com/article/374/0000526203?ntype=RANKING,2026-08-07 15:09:55.540894+09:00
미디어오늘,1위,"박민영, '돌려차기 사건 희화화' 비판한다며 ""패드립"" 표현",https://n.news.naver.com/article/006/0000137086?ntype=RANKING,2026-08-07 15:09:55.541987+09:00
미디어오늘,2위,"[속보] 이 대통령 ""국가폭력 사건, 국가의 책임에는 유효기간 없다""",https://n.news.naver.com/article/006/0000137088?ntype=RANKING,2026-08-07 15:09:55.542982+09:00
미디어오늘,3위,[속보] 임성근 항소심도 징역 3년 선고… 채상병 순직 과실치사 인정,https://n.news.naver.com/article/006/0000137085?ntype=RANKING,2026-08-07 15:09:55.543919+09:00
미디어오늘,4위,주가 급락하니 이재명 정부가 언론 통제했다고?,https://n.news.naver.com/article/006/0000137083?ntype=RANKING,2026-08-07 15:09:55.544895+09:00
미디어오늘,5위,여론조사 7곳서 이 대통령 지지도 50% 붕괴 … 2030여론 악화도,https://n.news.naver.com/article/006/0000137079?ntype=RANKING,2026-08-07 15:09:55.545836+09:00
일다,1위,"﻿“한국에서 이러지 마시고, 조용히 외국에서 사세요”",https://n.news.naver.com/article/007/0000008256?ntype=RANKING,2026-08-07 15:09:55.546866+09:00
일다,2위,Women's Emergency Hotline Counselors Speak Out for the 'Right to Rest',https://n.news.naver.com/article/007/0000008257?ntype=RANKING,2026-08-07 15:09:55.547831+09:00
CJB청주방송,1위,"'세금 폭탄' 반박한 구윤철 ""실거주 30억 이하는 완화""",https://n.news.naver.com/article/655/0000032292?ntype=RANKING,2026-08-07 15:09:55.548933+09:00
CJB청주방송,2위,"김승원 ""李 대통령, 형소법 개정안 후속조치 읽지 않았다는 뜻""",https://n.news.naver.com/article/655/0000032293?ntype=RANKING,2026-08-07 15:09:55.549877+09:00
CJB청주방송,3위,[밀착추적] 폭염 속 소방관의 하루...찜통 방화복 입고 구조 '사투',https://n.news.naver.com/article/655/0000032289?ntype=RANKING,2026-08-07 15:09:55.550833+09:00
CJB청주방송,4위,제2의 판교밸리 꿈꾼다...'창업특별도 충북' 청사진,https://n.news.naver.com/article/655/0000032288?ntype=RANKING,2026-08-07 15:09:55.551766+09:00
CJB청주방송,5위,"""윤 정권 단물 빨던 이들 다 어디 갔나""… 홍준표, 원희룡 특검 재소환에 ""정치무상""",https://n.news.naver.com/article/655/0000032283?ntype=RANKING,2026-08-07 15:09:55.552749+09:00
뉴시스,1위,"정청래 ""호남 상인들, '정청래가 뭘 잘못했다고 때리냐'고 말해""",https://n.news.naver.com/article/003/0014114240?ntype=RANKING,2026-08-07 15:09:55.553821+09:00
뉴시스,2위,"""말다툼하다 홧김에 살해""…폭염에 높아지는 공격성, 범죄로 번지나",https://n.news.naver.com/article/003/0014114324?ntype=RANKING,2026-08-07 15:09:55.554776+09:00
뉴시스,3위,"""저런 분은 처음 본다""…버스기사 울린 청소노동자의 '직업정신'",https://n.news.naver.com/article/003/0014113544?ntype=RANKING,2026-08-07 15:09:55.555722+09:00
뉴시스,4위,구글 '제미나이'와 'BTS' 만났다…라스베이거스 스피어 뒤덮은 60초,https://n.news.naver.com/article/003/0014114295?ntype=RANKING,2026-08-07 15:09:55.556787+09:00
뉴시스,5위,"[현장]""다시 문 닫는 건 아니죠?""…홈플러스, 빈 매대 채우며 재출발",https://n.news.naver.com/article/003/0014114389?ntype=RANKING,2026-08-07 15:09:55.557725+09:00
경기일보,1위,[속보] “온열질환 응급실 가면 15만원?”…1440만 경기도민 자동 가입된 ‘이것’,https://n.news.naver.com/article/666/0000118259?ntype=RANKING,2026-08-07 15:09:55.558817+09:00
경기일보,2위,"나경원 “국가 믿고 주택 장기 보유한 국민, 징벌적 세금 피해자로 몰아선 안 돼”",https://n.news.naver.com/article/666/0000118253?ntype=RANKING,2026-08-07 15:09:55.559817+09:00
경기일보,3위,“팔짱 끼고 손잡아”…‘강간 혐의’ 20대 남성에 불기소 처분,https://n.news.naver.com/article/666/0000118258?ntype=RANKING,2026-08-07 15:09:55.560976+09:00
경기일보,4위,노태악 해외출장 중 배우자 '황제수행'…보고서까지 조작,https://n.news.naver.com/article/666/0000118255?ntype=RANKING,2026-08-07 15:09:55.562113+09:00
경기일보,5위,정부 국내생산세액공제 신설…삼전닉스 품은 경기도 소부장 기업 '기대감',https://n.news.naver.com/article/666/0000118248?ntype=RANKING,2026-08-07 15:09:55.563133+09:00
이코노미스트,1위,"5천500만원 결혼자금, 주식으로 날려…'급등주 단타' 3천만원 추가 대출까지",https://n.news.naver.com/article/243/0000101337?ntype=RANKING,2026-08-07 15:09:55.564222+09:00
이코노미스트,2위,"홍진경도 삼전닉스 물렸다 ""곡소리 날 수도""…반도체 하락 배경은",https://n.news.naver.com/article/243/0000101339?ntype=RANKING,2026-08-07 15:09:55.565179+09:00
이코노미스트,3위,"반도체 떠난 자금, 코스닥으로…순환매 시작됐나",https://n.news.naver.com/article/243/0000101327?ntype=RANKING,2026-08-07 15:09:55.566147+09:00
이코노미스트,4위,티모시 샬라메 다음은 정국이었다...샤넬 향수 전략도 K팝 도열,https://n.news.naver.com/article/243/0000101346?ntype=RANKING,2026-08-07 15:09:55.567143+09:00
이코노미스트,5위,감튀모임부터 케챂 버터까지…‘55살 국민 소스’의 변신 [해봤어요],https://n.news.naver.com/article/243/0000101328?ntype=RANKING,2026-08-07 15:09:55.568114+09:00
대전일보,1위,"국힘 윤리위, '돌려차기 발언' 서범수·진종오 징계절차 개시",https://n.news.naver.com/article/656/0000183496?ntype=RANKING,2026-08-07 15:09:55.569191+09:00
대전일보,2위,"국방부 ""통합 국군사관학교 속도감 있게 추진…군 정체성 확립""",https://n.news.naver.com/article/656/0000183501?ntype=RANKING,2026-08-07 15:09:55.570161+09:00
대전일보,3위,"대전, 인구 100만명당 식중독 환자 최다…지난해 685명 기록",https://n.news.naver.com/article/656/0000183481?ntype=RANKING,2026-08-07 15:09:55.571114+09:00
대전일보,4위,서산 음암면 논일하러 나갔다 실종된 80대 숨진 채 발견,https://n.news.naver.com/article/656/0000183482?ntype=RANKING,2026-08-07 15:09:55.572053+09:00
대전일보,5위,"구윤철 ""청년·신혼부부 대출 규제 핀셋 완화 검토…공급·금융대책 추가 발표""",https://n.news.naver.com/article/656/0000183486?ntype=RANKING,2026-08-07 15:09:55.573002+09:00
TV조선,1위,"'105억 전세' 이승기 ""이사도 못갔다""…차가원 고소 ""고도의 사기수법""",https://n.news.naver.com/article/448/0000632055?ntype=RANKING,2026-08-07 15:09:55.574101+09:00
TV조선,2위,"구윤철 ""부동산 세제, 입법예고 과정서 수정·조정 가능""",https://n.news.naver.com/article/448/0000632048?ntype=RANKING,2026-08-07 15:09:55.575106+09:00
TV조선,3위,"[티조人] ""빈총 경계 북한이 알았다면 아찔, 전우 잃은 비극 떠올라""…제2연평해전 영웅의 일침",https://n.news.naver.com/article/448/0000632020?ntype=RANKING,2026-08-07 15:09:55.576051+09:00
TV조선,4위,"[티조챗] ""핫팬츠·샌들 출근?"" ""점심은 지하"" ""재택을 허하라!""…폭염이 바꾼 직장인 문화",https://n.news.naver.com/article/448/0000631964?ntype=RANKING,2026-08-07 15:09:55.577026+09:00
TV조선,5위,"[단독] 與, '보완수사권 폐지' 여진…'2030 여성 지지율 하락'에 ""뼈 아프게 받아들여야""",https://n.news.naver.com/article/448/0000632109?ntype=RANKING,2026-08-07 15:09:55.577980+09:00
데일리안,1위,"송영길·김민석, '조희대 탄핵' 외치자…與법사위원들 ""즉시 대법관 제청하라""",https://n.news.naver.com/article/119/0003119412?ntype=RANKING,2026-08-07 15:09:55.579100+09:00
데일리안,2위,"""편해서 매일 신었는데""...전문가가 경고한 '크록스'의 숨은 위험",https://n.news.naver.com/article/119/0003119436?ntype=RANKING,2026-08-07 15:09:55.580079+09:00
데일리안,3위,3000원짜리 장바구니 'K굿즈' 됐다...외국인 관광객 필수템은?,https://n.news.naver.com/article/119/0003119409?ntype=RANKING,2026-08-07 15:09:55.581045+09:00
데일리안,4위,"""집값 아닌 국민 잡아"" ""국민에 테러""…국민의힘, 부동산 세제개편안 맹폭",https://n.news.naver.com/article/119/0003119420?ntype=RANKING,2026-08-07 15:09:55.581987+09:00
데일리안,5위,'입추' 무색한 찜통더위...오후 1시 기준 폭염중대경보 지역은,https://n.news.naver.com/article/119/0003119429?ntype=RANKING,2026-08-07 15:09:55.582982+09:00
오마이뉴스,1위,"[단독] 정원오 측, 주진우 빼고 김재섭 고발만 남겼다...""허위사실 끝까지 정리""",https://n.news.naver.com/article/047/0002524882?ntype=RANKING,2026-08-07 15:09:55.584084+09:00
오마이뉴스,2위,폭염에 쓰러진 배달라이더가 구급차 거부하며 남긴 한마디,https://n.news.naver.com/article/047/0002524877?ntype=RANKING,2026-08-07 15:09:55.585092+09:00
오마이뉴스,3위,"'윤석열 특별과외' 4년만에, 일이 이렇게 커졌습니다 [반도체 특별과외]",https://n.news.naver.com/article/047/0002524867?ntype=RANKING,2026-08-07 15:09:55.586041+09:00
오마이뉴스,4위,"임성근 징역 3년에 채 해병 모친 ""책임자에 관대한 나라, 억장 무너져""",https://n.news.naver.com/article/047/0002524881?ntype=RANKING,2026-08-07 15:09:55.587017+09:00
오마이뉴스,5위,캐나다인 세 살 아이가 강릉 민박집에 두고 간 그림,https://n.news.naver.com/article/047/0002524869?ntype=RANKING,2026-08-07 15:09:55.588052+09:00
블로터,1위,[보스턴다이내믹스 大해부]⑥ 1.3조서 117조까지…BD 몸값 4가지 가격표,https://n.news.naver.com/article/293/0000088745?ntype=RANKING,2026-08-07 15:09:55.589125+09:00
블로터,2위,[HD현대 3세 경영]조선 호황 곳간 어디로…복잡해진 '자본배분' 셈법,https://n.news.naver.com/article/293/0000088765?ntype=RANKING,2026-08-07 15:09:55.590093+09:00
블로터,3위,[보스턴다이내믹스 大해부]⑤현대차그룹 대규모 투자…납입액·거래조건은,https://n.news.naver.com/article/293/0000088737?ntype=RANKING,2026-08-07 15:09:55.591039+09:00
블로터,4위,'초격차' 삼성전자 흔드는 노조 샅바싸움…성과급 갈등에 조직 균열 위기,https://n.news.naver.com/article/293/0000088755?ntype=RANKING,2026-08-07 15:09:55.591978+09:00
블로터,5위,[삼양컴텍 줌인] 코스닥 입성 1년…성장세 잇는 투자 성과 주목,https://n.news.naver.com/article/293/0000088763?ntype=RANKING,2026-08-07 15:09:55.592930+09:00
뉴스타파,1위,"""비상줄 달아 달라"" 묵살된 KTX 공사현장...4남매 아빠가 죽었다",https://n.news.naver.com/article/607/0000003437?ntype=RANKING,2026-08-07 15:09:55.594015+09:00
뉴스타파,2위,[주간 뉴스타파] 엘시티 왕국과 죽음의 터널,https://n.news.naver.com/article/607/0000003439?ntype=RANKING,2026-08-07 15:09:55.594982+09:00
뉴스타파,3위,내란특검이 ‘박성재 공소기각’ 항소 취하한 속사정,https://n.news.naver.com/article/607/0000003438?ntype=RANKING,2026-08-07 15:09:55.596430+09:00
뉴스타파,4위,<죄 만드는 검(檢)> ④ 주권자에 '사법 폭력' 가한 10명 중 8명이 승진하는 나라,https://n.news.naver.com/article/607/0000003440?ntype=RANKING,2026-08-07 15:09:55.597447+09:00
농민신문,1위,"“샤인머스캣 뽑아내고 신품종 심었지만”…제철 ‘포도’ 가격 약세, 왜?",https://n.news.naver.com/article/662/0000101358?ntype=RANKING,2026-08-07 15:09:55.598596+09:00
농민신문,2위,‘이중 열돔’에 갇힌 한반도…다음주까지 폭염 이어진다,https://n.news.naver.com/article/662/0000101355?ntype=RANKING,2026-08-07 15:09:55.599586+09:00
농민신문,3위,"온열질환 15만원·응급실 진료 10만원…“경기도민, 꼭 챙기세요”",https://n.news.naver.com/article/662/0000101392?ntype=RANKING,2026-08-07 15:09:55.600579+09:00
농민신문,4위,한국 달 탐사선 ‘다누리’가 포착한 ‘이것’…NASA와 공유한다,https://n.news.naver.com/article/662/0000101394?ntype=RANKING,2026-08-07 15:09:55.601532+09:00
농민신문,5위,"“숙취 싫어서 물 많이 마셨는데”…일본 연구진, 의외의 결과 발표",https://n.news.naver.com/article/662/0000101315?ntype=RANKING,2026-08-07 15:09:55.602477+09:00
헬스조선,1위,“한순간에 폭싹 늙는다”… 놓치기 쉬운 ‘생활 습관’ 3가지,https://n.news.naver.com/article/346/0000114023?ntype=RANKING,2026-08-07 15:09:55.603542+09:00
헬스조선,2위,공복혈당 높은 사람… ‘식후 커피’ 대신 마시면 좋은 4가지,https://n.news.naver.com/article/346/0000114020?ntype=RANKING,2026-08-07 15:09:55.604524+09:00
헬스조선,3위,“며칠만 써도 세균 바글바글”… 류이서가 수건 대신 사용하는 건?,https://n.news.naver.com/article/346/0000113983?ntype=RANKING,2026-08-07 15:09:55.605470+09:00
헬스조선,4위,"“체지방 태우는 효과”… 한선화 푹 빠졌다는 취미, 대체 뭐야?",https://n.news.naver.com/article/346/0000114014?ntype=RANKING,2026-08-07 15:09:55.606427+09:00
헬스조선,5위,“유방암 일으킨다”… 똑같은 사과도 ‘이렇게’ 먹으면 독,https://n.news.naver.com/article/346/0000114046?ntype=RANKING,2026-08-07 15:09:55.607393+09:00
코리아중앙데일리,1위,Best get used to it: Korea's summers will grow hotter through 2100,https://n.news.naver.com/article/640/0000092385?ntype=RANKING,2026-08-07 15:09:55.608466+09:00
코리아중앙데일리,2위,More young Korean women are saying 'I do' as their marriage concerns ease,https://n.news.naver.com/article/640/0000092388?ntype=RANKING,2026-08-07 15:09:55.609456+09:00
코리아중앙데일리,3위,"As North Korea fortifies the DMZ, a cease-fire buffer is again becoming a frontline security test",https://n.news.naver.com/article/640/0000092390?ntype=RANKING,2026-08-07 15:09:55.610409+09:00
코리아중앙데일리,4위,Young women fueled President Lee's rise. Now they're turning away.,https://n.news.naver.com/article/640/0000092386?ntype=RANKING,2026-08-07 15:09:55.611370+09:00
코리아중앙데일리,5위,Catching snails is an easy summer activity. The low entry barrier is causing deaths.,https://n.news.naver.com/article/640/0000092389?ntype=RANKING,2026-08-07 15:09:55.612460+09:00
코리아헤럴드,1위,Michelle Yeoh named Asian filmmaker of the year at Busan film festival,https://n.news.naver.com/article/044/0000287926?ntype=RANKING,2026-08-07 15:09:55.613794+09:00
코리아헤럴드,2위,S. Korea’s Danuri captures rare images of SpaceX rocket crashing into moon,https://n.news.naver.com/article/044/0000287933?ntype=RANKING,2026-08-07 15:09:55.614937+09:00
코리아헤럴드,3위,Loud parties stir complaints at Seoul's public outdoor pools,https://n.news.naver.com/article/044/0000287924?ntype=RANKING,2026-08-07 15:09:55.616077+09:00
코리아헤럴드,4위,3 student activists arrested over alleged trespassing at US air base,https://n.news.naver.com/article/044/0000287936?ntype=RANKING,2026-08-07 15:09:55.617125+09:00
코리아헤럴드,5위,KBO suspends games through weekend amid record heat,https://n.news.naver.com/article/044/0000287935?ntype=RANKING,2026-08-07 15:09:55.618362+09:00
코메디닷컴,1위,"왼팔 근육통 시달리던 29세男, 자택서 숨진 채 발견… 무슨 일?",https://n.news.naver.com/article/296/0000103417?ntype=RANKING,2026-08-07 15:09:55.619685+09:00
코메디닷컴,2위,"전소미, 수영복 입고 잘록 허리+애플힙 자랑…‘이 운동’ 꾸준히 한다고?",https://n.news.naver.com/article/296/0000103409?ntype=RANKING,2026-08-07 15:09:55.620861+09:00
코메디닷컴,3위,"오은영, ‘2.5은영’ 됐다…몰라보게 홀쭉해진 비결은?",https://n.news.naver.com/article/296/0000103425?ntype=RANKING,2026-08-07 15:09:55.622039+09:00
코메디닷컴,4위,"“발뒤꿈치 통증, ‘이것’ 얼려 굴리세요”… 족저근막염에 탁월한 효과",https://n.news.naver.com/article/296/0000103430?ntype=RANKING,2026-08-07 15:09:55.623203+09:00
코메디닷컴,5위,"덥다고 집에만 있었더니 “어, 다리 근육이”… 평소 뭘 했길래?",https://n.news.naver.com/article/296/0000103432?ntype=RANKING,2026-08-07 15:09:55.624290+09:00
한경비즈니스,1위,[속보]“국가가 치유” 李대통령 국가 폭력 피해자에 사과,https://n.news.naver.com/article/050/0000109424?ntype=RANKING,2026-08-07 15:09:55.625580+09:00
한경비즈니스,2위,이언주 “코스피 급락 근본 원인은 中 반도체 추격…주 52시간제 완화 등 생존 전략 시급”,https://n.news.naver.com/article/050/0000109417?ntype=RANKING,2026-08-07 15:09:55.626785+09:00
한경비즈니스,3위,"""작년 부정하게 샌 나랏돈 1300억…역대 최대""",https://n.news.naver.com/article/050/0000109422?ntype=RANKING,2026-08-07 15:09:55.627967+09:00
한경비즈니스,4위,“증시 흔들리고 혜택 줄자” 서학개미 리턴,https://n.news.naver.com/article/050/0000109420?ntype=RANKING,2026-08-07 15:09:55.629068+09:00
한경비즈니스,5위,"""주택 공급 방안 찾으라""···李대통령, 7일 부동산 정책 2차 회의 주재",https://n.news.naver.com/article/050/0000109407?ntype=RANKING,2026-08-07 15:09:55.630214+09:00
더팩트,1위,"삼성증권, 분기 최대 실적 더해 발행어음 족쇄 풀렸는데…목표주가 '뚝'",https://n.news.naver.com/article/629/0000522655?ntype=RANKING,2026-08-07 15:09:55.631538+09:00
더팩트,2위,"고 채상병 어머니 ""누가 마음 놓고 군대 보내겠나""…임성근 징역 3년에 분통",https://n.news.naver.com/article/629/0000522626?ntype=RANKING,2026-08-07 15:09:55.632782+09:00
더팩트,3위,"張 '엄중 조치' 하루만에…국힘 윤리위, 서범수·진종오 징계 착수",https://n.news.naver.com/article/629/0000522652?ntype=RANKING,2026-08-07 15:09:55.633893+09:00
더팩트,4위,수입차 시장 커졌는데 벤츠는 뒷걸음…왜?,https://n.news.naver.com/article/629/0000522612?ntype=RANKING,2026-08-07 15:09:55.635049+09:00
더팩트,5위,"조국혁신당, 정부에 '주52시간제 적용 예외' 철회 촉구…""흥정 대상 아냐""",https://n.news.naver.com/article/629/0000522665?ntype=RANKING,2026-08-07 15:09:55.636190+09:00
매경이코노미,1위,"[속보] 국힘 윤리위, ‘돌려차기 발언’ 서범수·진종오 징계절차 개시",https://n.news.naver.com/article/024/0000107384?ntype=RANKING,2026-08-07 15:09:55.637468+09:00
매경이코노미,2위,"“1987년 블랙먼데이 또 온다”…‘빅쇼트’ 버리, 대폭락 경고",https://n.news.naver.com/article/024/0000107369?ntype=RANKING,2026-08-07 15:09:55.638474+09:00
매경이코노미,3위,“박봉 때문에 떠나지 마세요”…9급 공무원 초임 월 300만원,https://n.news.naver.com/article/024/0000107366?ntype=RANKING,2026-08-07 15:09:55.639456+09:00
매경이코노미,4위,지금이라도 사야하나…“AI버블 꺼지면 비트코인 100만달러”,https://n.news.naver.com/article/024/0000107364?ntype=RANKING,2026-08-07 15:09:55.640438+09:00
매경이코노미,5위,본주보다 낫네…삼성전자 우선주 사볼까,https://n.news.naver.com/article/024/0000107385?ntype=RANKING,2026-08-07 15:09:55.641434+09:00
전주MBC,1위,"""내부검토 끝났는데"".. 시장님 한마디에 '흔들리는 소각장'",https://n.news.naver.com/article/659/0000045831?ntype=RANKING,2026-08-07 15:09:55.642555+09:00
전주MBC,2위,추석 전 민생 지원금 푸는 지역은 어디?,https://n.news.naver.com/article/659/0000045816?ntype=RANKING,2026-08-07 15:09:55.643491+09:00
전주MBC,3위,중수청 임용설명회에 전주지검 검사 10여 명 참석.. 검사들 '신중론',https://n.news.naver.com/article/659/0000045818?ntype=RANKING,2026-08-07 15:09:55.644426+09:00
전주MBC,4위,"한병도 ""특검·경질 요구는 마타도어""…국힘 ETF 공세에 반박",https://n.news.naver.com/article/659/0000045844?ntype=RANKING,2026-08-07 15:09:55.645355+09:00
전주MBC,5위,"""30% 미만 저수지 20곳"".. 농어촌공사 용수 확보에 총력",https://n.news.naver.com/article/659/0000045845?ntype=RANKING,2026-08-07 15:09:55.646293+09:00
조세일보,1위,유가 뛰자 美 국채금리 ‘꿈틀’…연준 9월 금리인상론 ‘활활’,https://n.news.naver.com/article/123/0002387999?ntype=RANKING,2026-08-07 15:09:55.648161+09:00
조세일보,2위,"구윤철 ""실거주 30억 이하 주택자, 양도·보유세 줄어...상위 1% 과세 정상화""",https://n.news.naver.com/article/123/0002387997?ntype=RANKING,2026-08-07 15:09:55.649125+09:00
조세일보,3위,"""사기꾼에게 속아 명의만 빌려줬다고요"" [심사청구]",https://n.news.naver.com/article/123/0002387988?ntype=RANKING,2026-08-07 15:09:55.650167+09:00
조세일보,4위,“시장 곳곳 차입 쌓였다”…레버리지 경고음 키운 월가 황제,https://n.news.naver.com/article/123/0002388000?ntype=RANKING,2026-08-07 15:09:55.651103+09:00
조세일보,5위,"국힘 ""李대통령, 부동산 지옥 주범"" vs 與 ""尹·오세훈·국힘 공급 발목""",https://n.news.naver.com/article/123/0002387998?ntype=RANKING,2026-08-07 15:09:55.652042+09:00
시사IN,1위,"노영희 “친석계 후보들, 전대 중간에 룰 바꾸자고 하는 건 부적절” [김은지의 뉴스IN]",https://n.news.naver.com/article/308/0000038599?ntype=RANKING,2026-08-07 15:09:55.653137+09:00
시사IN,2위,주식으로 벌고도 불안한 사람을 달래는 콘텐츠 [요즘 유튜브],https://n.news.naver.com/article/308/0000038603?ntype=RANKING,2026-08-07 15:09:55.654089+09:00
시사IN,3위,일상을 더 풍성하게 즐기는 방법 [기자의 추천 책],https://n.news.naver.com/article/308/0000038600?ntype=RANKING,2026-08-07 15:09:55.655013+09:00
시사IN,4위,김영훈 “메가특구 52시간 엇박자? 부처별 이견 없으면 이상한 것” [김은지의 뉴스IN],https://n.news.naver.com/article/308/0000038604?ntype=RANKING,2026-08-07 15:09:55.655945+09:00
시사IN,5위,"AI 혁명 시대, ‘공익적 인수합병’이 필요한 이유",https://n.news.naver.com/article/308/0000038597?ntype=RANKING,2026-08-07 15:09:55.656882+09:00
여성신문,1위,[인터뷰] ‘조현병’ 누나의 20년치 영상... 동생은 영화로 만들 생각이 없었다,https://n.news.naver.com/article/310/0000138957?ntype=RANKING,2026-08-07 15:09:55.657942+09:00
여성신문,2위,전세사기 피해 인정 누적 4만건 넘어...1만여 가구 매입,https://n.news.naver.com/article/310/0000138961?ntype=RANKING,2026-08-07 15:09:55.658887+09:00
여성신문,3위,"뉴욕증시, 호르무즈 긴장 재고조에 하락...다우존스 0.9%↓",https://n.news.naver.com/article/310/0000138948?ntype=RANKING,2026-08-07 15:09:55.659818+09:00
여성신문,4위,[날씨] 입추에도 낮 최고 39도 폭염...주말 폭염 완화,https://n.news.naver.com/article/310/0000138949?ntype=RANKING,2026-08-07 15:09:55.660792+09:00
여성신문,5위,"현대차그룹, 상반기 전기차 판매 25% 증가… 전 세계 8위",https://n.news.naver.com/article/310/0000138931?ntype=RANKING,2026-08-07 15:09:55.661722+09:00
디지털데일리,1위,[현장] 38도 폭염에도 아이스크림은 멀쩡…진화한 배민 로봇 ‘딜리’,https://n.news.naver.com/article/138/0002236916?ntype=RANKING,2026-08-07 15:09:55.662781+09:00
디지털데일리,2위,"SK하이닉스, 'FMS 2026'서 풀스택 AI 메모리 솔루션 대거 공개",https://n.news.naver.com/article/138/0002237016?ntype=RANKING,2026-08-07 15:09:55.663712+09:00
디지털데일리,3위,“레버리지 ETF 규제 후 거래대금 90% 줄었다”…반도체·해외 상품으로 ‘풍선효과’,https://n.news.naver.com/article/138/0002237005?ntype=RANKING,2026-08-07 15:09:55.664661+09:00
디지털데일리,4위,오세훈 “민간 정비사업이 주택공급 해법”…김용범에 ‘공급효과 백서’ 전달,https://n.news.naver.com/article/138/0002237013?ntype=RANKING,2026-08-07 15:09:55.665574+09:00
디지털데일리,5위,HBM만으론 부족하다… AI 추론이 불러온 '계층형 메모리' 시대,https://n.news.naver.com/article/138/0002236964?ntype=RANKING,2026-08-07 15:09:55.666501+09:00
동행미디어 시대,1위,[르포]천혜의 자연을 폐허로 만든 '중국 자본'…혈세로 막았다,https://n.news.naver.com/article/417/0001154612?ntype=RANKING,2026-08-07 15:09:55.667587+09:00
동행미디어 시대,2위,"""회사 매출 10% 안 주면 폭로""…박나래 전 매니저 2명, 결국 재판행",https://n.news.naver.com/article/417/0001154614?ntype=RANKING,2026-08-07 15:09:55.668528+09:00
동행미디어 시대,3위,"승계 퍼즐 맞추는 재계, 한화·HD현대·LX 80년대생 오너 전면에",https://n.news.naver.com/article/417/0001154611?ntype=RANKING,2026-08-07 15:09:55.669484+09:00
동행미디어 시대,4위,구광모·젠슨 황 두 달 만에 재회…다음주 미국 실리콘밸리 회동,https://n.news.naver.com/article/417/0001154641?ntype=RANKING,2026-08-07 15:09:55.670417+09:00
동행미디어 시대,5위,"체력 강해진 GS리테일, 편의점·슈퍼·홈쇼핑 삼각편대 완성",https://n.news.naver.com/article/417/0001154662?ntype=RANKING,2026-08-07 15:09:55.671347+09:00
기자협회보,1위,'스트롱맨' 시대… 우리만의 시각으로 세계 볼 준비 돼있나,https://n.news.naver.com/article/127/0000039604?ntype=RANKING,2026-08-07 15:09:55.672409+09:00
기자협회보,2위,"""포털 이어 AI에도 주도권 넘길건가""… 해외언론 글로벌 연대",https://n.news.naver.com/article/127/0000039602?ntype=RANKING,2026-08-07 15:09:55.673480+09:00
기자협회보,3위,중앙일보·JTBC 통합노조 분리되나… 11일 총회서 결정,https://n.news.naver.com/article/127/0000039601?ntype=RANKING,2026-08-07 15:09:55.674415+09:00
기자협회보,4위,[이달의 기자상] 결혼 앞둔 새내기 소방관의 죽음,https://n.news.naver.com/article/127/0000039608?ntype=RANKING,2026-08-07 15:09:55.675390+09:00
기자협회보,5위,"연합뉴스 노조, 뉴스통신진흥법 개정 촉구 1인시위",https://n.news.naver.com/article/127/0000039603?ntype=RANKING,2026-08-07 15:09:55.676343+09:00
JIBS,1위,"“40도 시대, 쉬어도 일당은 지킨다”… 대통령 회의 오른 제주  ‘기후보험’",https://n.news.naver.com/article/661/0000081225?ntype=RANKING,2026-08-07 15:09:55.677451+09:00
JIBS,2위,“장사는 빠듯한데 사람도 없다”… 제주 알바 구인 34.5% 급증,https://n.news.naver.com/article/661/0000081223?ntype=RANKING,2026-08-07 15:09:55.678409+09:00
JIBS,3위,"""한라산마저 가릴 판"" 제주 건물 높이 '55m→160m' 완화 추진에 정치권  반발",https://n.news.naver.com/article/661/0000081174?ntype=RANKING,2026-08-07 15:09:55.679352+09:00
JIBS,4위,“취업해도 부모 집에 살래요”… 취준생 74% 독립 미룬다,https://n.news.naver.com/article/661/0000081219?ntype=RANKING,2026-08-07 15:09:55.680363+09:00
JIBS,5위,전세사기 피해 4만 명 넘었다… 4명 중 3명은 40세 미만,https://n.news.naver.com/article/661/0000081226?ntype=RANKING,2026-08-07 15:09:55.681305+09:00
동아사이언스,1위,근육 늘리고 복부지방 줄이는 희귀 유전자 변이,https://n.news.naver.com/article/584/0000038811?ntype=RANKING,2026-08-07 15:09:55.682359+09:00
동아사이언스,2위,"[1% 의사과학자] ⑥""의사과학자도 과학자와 경쟁해야…진료보는 의사, 연구 어려워""",https://n.news.naver.com/article/584/0000038815?ntype=RANKING,2026-08-07 15:09:55.683298+09:00
동아사이언스,3위,"美 FDA, 첫 mRNA 독감 백신 승인…""기존보다 예방효과 27% 높아""",https://n.news.naver.com/article/584/0000038813?ntype=RANKING,2026-08-07 15:09:55.684232+09:00
동아사이언스,4위,미끄러지듯 붙어가는 달팽이 만능점액 비결 밝혔다,https://n.news.naver.com/article/584/0000038812?ntype=RANKING,2026-08-07 15:09:55.685161+09:00
동아사이언스,5위,건강한 사람 '대변 이식'받자 땅콩 알레르기 완화됐다,https://n.news.naver.com/article/584/0000038807?ntype=RANKING,2026-08-07 15:09:55.686085+09:00
신동아,1위,"전통의 강자 ‘안랩’, ‘K-수출스타 500’으로 해외 개척…“글로벌 보안 기업 기대”",https://n.news.naver.com/article/262/0000019587?ntype=RANKING,2026-08-07 15:09:55.687158+09:00
신동아,2위,35년 메이크업 노하우의 산실 K-뷰티 선봉장 ‘정샘물뷰티’,https://n.news.naver.com/article/262/0000019588?ntype=RANKING,2026-08-07 15:09:55.688093+09:00
신동아,3위,"유언장에 내 이름만 없다? 유류분 청구, 1년 안에 움직여라",https://n.news.naver.com/article/262/0000019585?ntype=RANKING,2026-08-07 15:09:55.689028+09:00
신동아,4위,“지금은 5: 4: 1 ‘채권 징검다리 전략’ 쓸 때”,https://n.news.naver.com/article/262/0000019586?ntype=RANKING,2026-08-07 15:09:55.689965+09:00
신동아,5위,[인포그래픽] 대륙별 한국 주요 수출 품목,https://n.news.naver.com/article/262/0000019582?ntype=RANKING,2026-08-07 15:09:55.690944+09:00
주간경향,1위,"추미애 ‘경기도 부도’ 선언 불똥, 이 대통령에 튀나",https://n.news.naver.com/article/033/0000051596?ntype=RANKING,2026-08-07 15:09:55.692004+09:00
주간경향,2위,부대찌개·보쌈 유명한 ‘놀부’ 회생 신청…윤석열 전속 사진가 출신이 대표,https://n.news.naver.com/article/033/0000051593?ntype=RANKING,2026-08-07 15:09:55.692934+09:00
주간경향,3위,"노사모 마지막 대표, 정청래 겨냥 “노사모 대표성·정통성 단 1%도 없어···노사모와 대립했던 정통 세력”",https://n.news.naver.com/article/033/0000051594?ntype=RANKING,2026-08-07 15:09:55.693874+09:00
주간경향,4위,홍준표 “원희룡 정치무상 느꼈을 것···윤석열 때 단물 빨던 이들 어디갔나”,https://n.news.naver.com/article/033/0000051590?ntype=RANKING,2026-08-07 15:09:55.694808+09:00
주간경향,5위,"깊이 10㎝…말라가는 유럽의 젖줄, 다뉴브강이 던진 경고[구정은의 수상한 GPS](35)",https://n.news.naver.com/article/033/0000051597?ntype=RANKING,2026-08-07 15:09:55.695738+09:00
주간동아,1위,"“하반기 코스피, 7000 선에서 박스권 등락 전망… 반도체는 공급 증가 선반영 주시해야”",https://n.news.naver.com/article/037/0000038634?ntype=RANKING,2026-08-07 15:09:55.696808+09:00
주간동아,2위,한중 격차 여전한데 반도체 주가 흔들린 이유… 기술보다 무서운 ‘과점 균열’ 공포,https://n.news.naver.com/article/037/0000038635?ntype=RANKING,2026-08-07 15:09:55.697751+09:00
주간동아,3위,레버리지 문턱 높여 아무나 못 하게 하니… 더 사고 싶게 만든 효과,https://n.news.naver.com/article/037/0000038636?ntype=RANKING,2026-08-07 15:09:55.698715+09:00
주간동아,4위,"한국전력, 33조 적자를 3년 만에 13조 원 흑자로 급반전… 포브스 순위 428계단 껑충",https://n.news.naver.com/article/037/0000038630?ntype=RANKING,2026-08-07 15:09:55.699666+09:00
주간동아,5위,"“LG유플러스, AI 데이터센터 조기 착공으로 성장 모멘텀 확보”",https://n.news.naver.com/article/037/0000038637?ntype=RANKING,2026-08-07 15:09:55.700616+09:00
월간 산,1위,갈거계곡에 또 '갈 거' 같다 [흠뻑 특집_물 진안 갈거계곡 르포],https://n.news.naver.com/article/094/0000013718?ntype=RANKING,2026-08-07 15:09:55.701715+09:00
월간 산,2위,설악산 권금성서 폴란드 여성 심정지로 숨져,https://n.news.naver.com/article/094/0000013716?ntype=RANKING,2026-08-07 15:09:55.702662+09:00
월간 산,3위,우리들의 산전수전 사진전 [독자코너 이 사진 어때요?],https://n.news.naver.com/article/094/0000013717?ntype=RANKING,2026-08-07 15:09:55.703585+09:00
월간 산,4위,빗방울이 말을 걸었다 온몸이 흠뻑 젖었다 [흠뻑 특집_비 가평 축령산 잣향기푸른숲],https://n.news.naver.com/article/094/0000013715?ntype=RANKING,2026-08-07 15:09:55.704529+09:00
월간 산,5위,대륙의 인해전술…100km를 줄서서 달리다 [해외 트레일러닝],https://n.news.naver.com/article/094/0000013714?ntype=RANKING,2026-08-07 15:09:55.705525+09:00
국제신문,1위,[속보]홈플러스 67개 점포 영업재개…아직은 텅빈 매대,https://n.news.naver.com/article/658/0000151732?ntype=RANKING,2026-08-07 15:09:55.706861+09:00
국제신문,2위,외국인 선원 ‘인신매매 경유지’ 된 부산…우려가 현실로,https://n.news.naver.com/article/658/0000151698?ntype=RANKING,2026-08-07 15:09:55.707950+09:00
국제신문,3위,"‘캥거루족’ 10명 중 7명, “소득 생겨도 엄마·아빠 품에 있을래요”",https://n.news.naver.com/article/658/0000151723?ntype=RANKING,2026-08-07 15:09:55.708942+09:00
국제신문,4위,골프채로 YG 사옥 출입문 두드리며 난동 부린 20대 체포,https://n.news.naver.com/article/658/0000151720?ntype=RANKING,2026-08-07 15:09:55.709971+09:00
국제신문,5위,"정점식 ""김용범 정책실장은 한국 경제의 빌런… 경질해야""",https://n.news.naver.com/article/658/0000151719?ntype=RANKING,2026-08-07 15:09:55.711259+09:00
주간조선,1위,주식 망했냐고요?…요즘 제일 잘 나갑니다,https://n.news.naver.com/article/053/0000060510?ntype=RANKING,2026-08-07 15:09:55.712809+09:00
주간조선,2위,"""내가 괜찮다고 하는데""…부산 돌려차기 피해자, 국힘 징계 추진에 일침",https://n.news.naver.com/article/053/0000060507?ntype=RANKING,2026-08-07 15:09:55.714120+09:00
주간조선,3위,"홈플러스, 벼랑 끝서 살아나나…67개 점포 다시 문 연다",https://n.news.naver.com/article/053/0000060505?ntype=RANKING,2026-08-07 15:09:55.715383+09:00
주간조선,4위,골프채로 YG 신사옥 '쾅쾅'…20대 여성 현행범 체포,https://n.news.naver.com/article/053/0000060506?ntype=RANKING,2026-08-07 15:09:55.716655+09:00
주간조선,5위,"""美서 아이 낳아도 시민권 없다""…트럼프, 원정출산 금지 행정명령 서명",https://n.news.naver.com/article/053/0000060508?ntype=RANKING,2026-08-07 15:09:55.717931+09:00
레이디경향,1위,고혈압 걱정?…저녁 식후 ‘차’ 한 잔 추천합니다,https://n.news.naver.com/article/145/0000024035?ntype=RANKING,2026-08-07 15:09:55.719424+09:00
레이디경향,2위,‘불볕더위’ 눈앞이 흐릿흐릿…심장이 보내는 위험 신호입니다,https://n.news.naver.com/article/145/0000024037?ntype=RANKING,2026-08-07 15:09:55.720721+09:00
레이디경향,3위,50대 여성 방광염 급증…여름철 ‘아주 사소한 실수’ 탓일수도,https://n.news.naver.com/article/145/0000024034?ntype=RANKING,2026-08-07 15:09:55.721977+09:00
레이디경향,4위,“어디 이사 갑니까?” 룰루레몬 초대형 ‘괴물 가방’ 화제,https://n.news.naver.com/article/145/0000024036?ntype=RANKING,2026-08-07 15:09:55.723240+09:00
레이디경향,5위,버터에서 버섯·귤까지…전문가가 말하는 ‘랩 싸면 안 되는 음식’ 6가지,https://n.news.naver.com/article/145/0000024033?ntype=RANKING,2026-08-07 15:09:55.724690+09:00
